admin2Pcode,District,admin1Name_en,AREA_SQKM,T_TL,M_TL,F_TL,Inernet_Total_15 year+,Inernet_Male_15 year+,Inernet_Female_15 year+,Mobile Phone_Total_15 year+,Mobile Phone_Male_15 year+,Mobile Phone_Female_15 year+,4G Avg. UE throughput DL (MB),Literacy Rate_7year+_Overall,Literacy Rate_7year+_Male,Literacy Rate_7year+_Female,Employment_Rate,Employment_Rate_Male,Employment_Rate_Female,Have financial account_Overall,Have financial account_Male,Have financial account_Female,Mobile Bank Account_Overall,Mobile Bank Account_Male,Mobile Bank Account_Female,National Grid_%,No Electricity Connection_%,Poverty headcount ratio (%),Extreme poverty headcount ratio (%),Percentage of population in bottom 40% (%),Num_op_x_towers,Cell_tower_density,Tea_State_Count,mean_distance,min_distance,max_distance,median_distance,25_perc_distance,75_perc_distance,std_dev_distance,mean_num_tower_500m,mean_num_tower_1000m,mean_num_tower_2000m,mean_num_tower_5000m,mean_num_tower_10000m
BD4001,Bagerhat,Khulna,3646.18417015368,1338096,651464,686632,28.58,38.26,19.21,70.15,83.28,57.45,11.57767441860465,81.42,82.49,80.37,33.48,58.51,8.8,25.84,32.1,19.77,40.4,53.0,28.2,97.85,1.03,42.79999923706055,24.0,56.79692840576172,140,0.0383963051416844,0,2637.0,30.0,52679.0,1602.0,973.0,2325.0,4927.0,0.09683538776465972,0.34740595199003427,1.1819455124604605,6.092121626537596,23.036153203140252
BD2003,Bandarban,Chittagong,4595.260113439101,497397,256943,240454,29.54,40.16,18.3,65.85,80.38,50.49,9.334666666666665,63.74,68.97,58.22,39.65,59.66,18.47,23.07,29.06,16.73,35.05,46.44,23.01,52.62,11.23,40.099998474121094,21.600000381469727,53.75440216064453,77,0.016756396395235407,0,4558.0,84.0,48803.0,2530.0,1220.0,5148.0,6007.0,0.09135704950488223,0.311063783169894,0.9606556388732215,4.2610168878625645,17.33985122975959
BD1004,Barguna,Barisal,1345.65052072562,898288,425887,472401,29.12,38.1,20.82,71.39,83.87,59.87,11.438720930232558,80.65,82.28,79.1,30.05,53.62,7.59,23.91,30.45,17.88,45.23,58.29,33.17,98.41,0.75,19.0,9.800000190734863,19.905654907226562,97,0.07208409502022438,0,1708.0,64.0,6767.0,1596.0,991.0,2306.0,961.0,0.1153610430361951,0.4152273044495158,1.2954851217909946,5.909970156981325,20.796232978305838
BD1006,Barisal,Barisal,2219.58086086033,2192962,1042061,1150901,32.44,41.36,24.29,72.49,83.43,62.49,11.99406976744186,79.85,80.81,78.94,29.81,53.02,7.86,26.29,32.53,20.59,42.03,53.76,31.31,98.42,0.5,54.79999923706055,39.89999771118164,70.55498504638672,234,0.10542530985300505,0,1343.0,18.0,8610.0,1167.0,637.0,1820.0,979.0,0.30339858413826604,1.0878950249329824,3.524328986949999,13.543404323954867,37.82248706878691
BD1009,Bhola,Barisal,1948.54373916624,1772115,860217,911898,26.36,35.77,17.74,67.59,80.68,55.59,11.332674418604652,67.3,67.24,67.35,31.01,55.82,7.45,23.16,29.42,17.42,35.81,47.84,24.78,91.16,1.3,33.19999694824219,20.399999618530273,44.51565170288086,133,0.06825610189120476,0,1924.0,45.0,22115.0,1393.0,831.0,2120.0,2180.0,0.1490818985216817,0.47139890580734817,1.5505324053759997,7.099347857336072,21.33681313188601
BD5010,Bogra,Rajshahi,2912.59416171989,3702387,1806870,1895517,30.71,41.15,20.75,68.81,85.58,52.84,13.402209302325582,72.55,75.53,69.65,32.92,57.87,8.48,25.86,32.76,19.28,42.68,58.56,27.56,98.42,0.78,16.599998474121094,6.700000286102295,21.914047241210938,213,0.07313068288038567,0,1700.0,71.0,8397.0,1483.0,801.0,2353.0,1172.0,0.19856172307399494,0.8145929265494996,2.7490171459820223,11.730148243094773,32.573187998386544
BD2012,Brahamanbaria,Chittagong,1922.68190754572,3261331,1526303,1735028,47.99,54.56,42.82,67.63,78.51,59.07,10.12911111111111,72.12,71.74,72.44,25.89,47.46,7.54,23.4,26.46,20.99,31.55,38.82,25.83,99.44,0.32,30.000001907348633,15.000000953674316,39.9965934753418,315,0.16383365275543352,0,1015.0,24.0,4495.0,923.0,565.0,1340.0,603.0,0.2926225203405821,0.9723748610033288,3.0737619435028165,14.6921688600156,52.01099465447751
BD2013,Chandpur,Chittagong,1469.43703510629,2468479,1133999,1334480,45.22,51.58,40.1,72.15,80.59,65.34,12.805666666666662,78.23,78.45,78.03,26.56,49.9,6.55,25.31,28.53,22.72,41.69,49.39,35.48,98.76,0.36,51.0,30.30000114440918,69.70950317382812,496,0.3375442350710334,0,703.0,36.0,6154.0,656.0,403.0,910.0,429.0,0.5199964468995757,1.7635457272256745,6.079959767970906,29.59678759755375,104.16347499788668
BD2015,Chittagong,Chittagong,4450.85926077273,8606592,4282066,4324526,50.82,59.54,42.43,77.07,85.98,68.5,11.195444444444446,81.06,82.88,79.26,34.39,56.78,12.26,30.22,36.59,24.09,35.21,46.71,24.15,95.99,0.55,11.5,4.0,15.146480560302734,2022,0.4542943017364592,22,594.0,26.0,6096.0,391.0,186.0,763.0,640.0,2.5683983026445656,9.970604249009755,37.081641356357345,175.2359868738305,405.8519802178764
BD4018,Chuadanga,Khulna,1165.10167493216,1216379,590617,625762,28.53,39.25,18.44,63.5,83.25,44.92,15.10081395348837,71.2,72.05,70.38,35.5,65.13,6.93,22.25,28.76,16.12,35.97,50.55,22.26,99.26,0.57,27.700000762939453,10.800000190734863,38.57638168334961,78,0.06694694693022536,0,1724.0,109.0,5985.0,1591.0,918.0,2332.0,1038.0,0.10435443040281335,0.3765170228809745,1.2131742673865538,5.836284537850031,21.080089419817572
BD2019,Comilla,Chittagong,3088.03048093458,6262743,2917000,3345743,50.29,57.4,44.62,71.42,81.09,63.7,11.822777777777775,76.68,77.62,75.88,26.81,48.91,7.86,27.0,31.53,23.38,35.53,44.52,28.34,99.34,0.25,37.900001525878906,21.100000381469727,50.267669677734375,1146,0.37111032649301046,0,683.0,18.0,3108.0,646.0,420.0,902.0,354.0,0.5480153693383139,1.9771476935316292,7.071759905569892,35.3526327442504,119.1992901090878
BD2022,Cox's Bazar,Chittagong,2172.97806047136,2890272,1458504,1431768,37.42,48.83,25.8,66.59,80.79,52.12,10.893953488372096,71.58,72.51,70.62,32.51,55.54,8.79,22.4,28.3,16.39,33.69,45.62,21.53,88.96,3.4,32.70000076293945,16.200000762939453,45.76742172241211,528,0.24298450573654978,0,957.0,7.0,6233.0,748.0,431.0,1241.0,777.0,0.44599312084223997,1.714849027073639,5.605071276897481,22.465696275487815,61.60176998798492
BD3026,Dhaka,Dhaka,1476.08148926088,18113283,9794777,8318506,60.97,68.53,52.1,84.69,91.12,77.15,12.89290697674418,84.88,86.45,83.06,44.3,65.2,19.93,34.63,40.4,27.86,47.85,59.59,34.08,99.6,0.09,15.700000762939453,4.900000095367432,18.250865936279297,2650,1.7952938366071765,0,263.0,17.0,4802.0,163.0,98.0,274.0,304.0,6.797206992668711,26.30750044150914,97.99167935632218,492.40942959044594,1339.5024805726987
BD5527,Dinajpur,Rangpur,3460.16455125723,3255541,1597325,1658216,23.31,33.05,13.78,66.07,85.14,47.41,12.376162790697675,76.14,79.04,73.26,33.34,57.38,9.29,28.86,34.61,23.23,44.48,62.25,27.09,98.78,1.0,37.900001525878906,21.299999237060547,50.832271575927734,222,0.06415879843614306,0,1852.0,9.0,8709.0,1596.0,911.0,2491.0,1311.0,0.16956344738423829,0.6054937865542785,1.9571949869144407,7.622731406566954,22.766249359944922
BD3029,Faridpur,Dhaka,2043.6892204937,2018158,965729,1052429,36.21,45.55,27.79,68.47,82.81,55.53,12.69767441860465,72.13,73.27,71.08,31.37,56.77,7.64,25.67,30.51,21.3,36.33,48.16,25.67,99.05,0.46,36.29999923706055,19.799999237060547,50.934566497802734,186,0.09101188093318192,0,1405.0,34.0,6436.0,1274.0,793.0,1822.0,896.0,0.16814942190861024,0.5564459809537214,1.953429866119098,9.54724684982952,32.40911138845935
BD2030,Feni,Chittagong,906.8976903621331,1614966,757999,856967,52.03,59.07,46.21,73.61,82.26,66.46,13.570444444444439,80.79,82.58,79.21,25.82,47.92,6.27,29.65,34.71,25.47,35.25,46.45,25.99,99.4,0.24,25.899999618530273,14.59999942779541,31.86077880859375,353,0.3892390550239947,0,669.0,20.0,5052.0,608.0,370.0,861.0,445.0,0.6730122747962812,2.533582095461486,8.424340014903105,38.13501889398057,122.41360369320856
BD5532,Gaibandha,Rangpur,2166.58358748208,2545669,1209006,1336663,21.01,31.03,12.1,65.2,83.78,48.69,11.363139534883725,67.0,70.31,63.96,29.81,53.81,7.55,24.66,30.58,19.4,46.97,63.51,32.27,96.74,1.34,48.0,30.30000114440918,65.6321792602539,155,0.07154120473151697,0,1675.0,42.0,8016.0,1434.0,902.0,2147.0,1137.0,0.10442415811178565,0.3762478617208596,1.3470634226033646,7.175304526093501,25.654304573456088
BD3033,Gazipur,Dhaka,1817.13929007167,6154811,3220775,2934036,47.41,59.62,34.19,79.44,89.44,68.62,12.63325581395349,81.42,83.64,79.01,49.6,67.64,29.97,25.16,31.25,18.57,51.35,64.76,36.85,99.66,0.12,19.400001525878906,8.199999809265137,22.524646759033203,699,0.3846705664332593,0,617.0,24.0,3225.0,466.0,271.0,842.0,468.0,0.95319309583536,3.7072939277430703,13.592177359031083,71.51063382210111,242.23000423306448
BD3035,Gopalganj,Dhaka,1475.92493837469,1123453,536720,586733,33.66,43.55,24.57,69.64,82.39,57.92,11.74720930232558,79.84,81.69,78.08,29.36,52.2,7.62,24.25,28.74,20.12,41.66,52.98,31.27,99.53,0.35,42.69999694824219,26.80000114440918,55.60102844238281,106,0.07181937051401051,0,1660.0,57.0,5476.0,1516.0,903.0,2259.0,990.0,0.11295237051819093,0.41769028179238565,1.3978893009769973,6.4206147674690195,22.17124550589231
BD6036,Habiganj,Sylhet,2582.43372146929,2404043,1147162,1256881,31.57,42.26,22.03,61.59,78.45,46.55,8.676444444444444,69.44,70.63,68.34,30.62,52.99,9.79,16.81,21.69,12.46,29.63,41.46,19.07,98.3,1.13,25.299999237060547,20.100000381469727,32.56259536743164,204,0.07899525099290179,25,1497.0,17.0,6550.0,1302.0,821.0,1976.0,940.0,0.12859599111228115,0.4407052661628597,1.516387749194159,7.4608808619583655,26.58826744472715
BD4539,Jamalpur,Mymensingh,2065.67629967395,2395906,1139024,1256882,23.79,33.57,14.98,62.81,80.68,46.69,10.749651162790695,61.7,64.27,59.29,29.68,53.04,7.75,17.61,22.22,13.46,37.75,51.55,25.3,98.08,0.83,51.099998474121094,34.20000076293945,67.65327453613281,206,0.09972520865564242,0,1353.0,13.0,7560.0,1234.0,799.0,1731.0,825.0,0.15641151288484154,0.5179866038492336,1.7100869916469843,8.648491988622226,29.917863958103464
BD4041,Jessore,Khulna,2584.93274512647,2972217,1450656,1521561,33.82,44.73,23.4,68.36,84.32,53.1,13.921744186046517,77.07,79.67,74.54,35.02,62.57,8.09,27.3,34.55,20.38,38.09,52.23,24.57,99.45,0.4,39.0,18.399999618530273,53.78873062133789,263,0.10174345947524159,0,1335.0,15.0,5794.0,1203.0,664.0,1863.0,837.0,0.21874798427945405,0.8421767732381245,2.912690222750459,12.775437777774501,38.59397992662767
BD1042,Jhalokati,Barisal,738.751912627692,639323,297582,341741,29.83,37.64,23.07,73.88,82.9,66.06,11.416162790697673,83.21,84.15,82.35,27.47,49.83,7.17,27.29,33.46,21.94,45.07,56.32,35.31,98.73,1.04,40.5,26.69999885559082,55.56083297729492,67,0.09069350461873649,0,1385.0,51.0,3992.0,1341.0,833.0,1888.0,725.0,0.13737769133440175,0.5454058244961014,1.7550216433043542,8.20450989425021,33.03131000523071
BD4044,Jhenaidah,Khulna,1956.10565641567,1910352,928616,981736,34.26,45.06,23.92,67.2,85.18,49.98,14.141395348837206,72.81,74.94,70.72,34.03,61.67,6.91,27.55,34.94,20.49,42.58,57.54,28.27,99.61,0.31,24.69999885559082,10.0,29.102479934692383,130,0.06645857782457901,0,1630.0,37.0,4743.0,1557.0,956.0,2202.0,883.0,0.1151088348775588,0.37601802549169927,1.277632994284726,5.8944021066885925,21.218095541556714
BD5038,Joypurhat,Rajshahi,960.249723121805,947031,461608,485423,27.13,36.55,18.18,66.75,84.29,50.07,12.977674418604654,73.73,76.93,70.64,31.57,55.87,7.96,28.46,36.05,21.25,42.52,59.37,26.49,98.9,0.96,26.69999885559082,12.899999618530273,35.02662658691406,57,0.05935955890171052,0,1759.0,28.0,5073.0,1677.0,1012.0,2408.0,968.0,0.10117046330398942,0.3388802272590901,1.1176117385696436,5.227912942481551,18.309819640913904
BD2046,Khagrachhari,Chittagong,2855.5443980088,697657,348683,348974,29.7,40.66,18.86,71.54,84.3,58.91,9.703999999999997,71.8,77.2,66.41,35.39,59.23,11.54,20.98,26.51,15.51,38.99,51.28,26.82,50.88,8.03,25.5,10.100000381469727,36.185001373291016,111,0.03887174721478728,1,2423.0,35.0,38178.0,1630.0,872.0,2805.0,3224.0,0.1159087594398397,0.4817076278479125,1.4536928190642535,5.430950361418896,15.302022579686675
BD4047,Khulna,Khulna,3625.14317138441,2181770,1073909,1107861,36.64,46.82,26.55,71.95,85.67,58.36,13.056279069767438,80.66,83.62,77.7,35.16,59.96,10.21,31.52,37.85,25.25,46.62,61.04,32.34,98.7,0.59,38.80000305175781,21.19999885559082,48.548194885253906,213,0.05875630007701384,0,2319.0,18.0,61419.0,938.0,365.0,2264.0,5341.0,0.6103331607150728,2.2383035969432425,7.469752087551129,27.46034918638493,63.77241973279008
BD3048,Kishoreganj,Dhaka,2564.92036390381,3150871,1502026,1648845,30.76,40.26,22.47,62.21,78.01,48.41,11.344418604651167,67.6,67.94,67.29,29.78,53.5,8.08,17.32,21.36,13.79,27.13,37.08,18.45,98.85,0.67,30.30000114440918,16.399999618530273,37.76219940185547,242,0.09434990785900108,0,1328.0,22.0,7016.0,1122.0,673.0,1665.0,963.0,0.1891145111093167,0.7066211868735093,2.3311890089139156,11.287322862500154,39.22858814196605
BD5549,Kurigram,Rangpur,2275.72392576185,2309661,1092299,1217362,19.05,29.36,9.47,64.39,84.22,45.96,10.621279069767441,65.13,68.35,62.05,30.43,54.05,7.73,18.32,23.19,13.79,45.45,62.63,29.47,96.31,1.27,63.70000076293945,44.29999923706055,83.49602508544922,80,0.035153648952923056,0,2548.0,38.0,11151.0,2131.0,1250.0,3335.0,1791.0,0.05872239629810129,0.21719383711763618,0.7554696213123656,3.5738492857366166,12.39660967897465
BD4050,Kushtia,Khulna,1614.72839716238,2099291,1018476,1080815,30.48,40.25,21.35,65.29,83.27,48.51,14.625930232558138,69.01,70.19,67.88,34.2,61.46,8.05,26.93,33.74,20.57,39.01,53.79,25.21,99.26,0.38,3.5999999046325684,0.800000011920929,1.4832344055175781,152,0.09413347796887393,0,1332.0,54.0,5401.0,1204.0,680.0,1806.0,834.0,0.17213679376649987,0.6811094436851215,2.2691945395216035,10.255653687651341,31.807568628997046
BD2051,Lakshmipur,Chittagong,1243.73249528474,1946592,905991,1040601,41.82,48.3,36.5,70.51,80.2,62.57,12.889222222222218,73.98,73.87,74.08,27.34,51.27,6.42,24.77,28.42,21.78,37.71,45.83,31.06,97.86,0.79,31.200000762939453,18.099998474121094,36.636165618896484,352,0.2830190586275654,0,860.0,22.0,5777.0,721.0,474.0,1040.0,647.0,0.32415328520349795,1.2626466859145629,4.532276117421478,24.39046828968514,88.2175748304108
BD5552,Lalmonirhat,Rangpur,1274.9137777715,1368552,666080,702472,19.49,29.83,9.41,63.41,83.74,43.56,11.11686046511628,71.3,74.53,68.09,31.82,55.66,8.07,19.06,25.05,13.22,41.15,58.57,24.15,94.19,2.46,34.5,16.69999885559082,49.888023376464844,68,0.05333694025870626,0,2001.0,20.0,8572.0,1664.0,1050.0,2588.0,1395.0,0.07949094510048511,0.30923779311029786,1.0442004954494128,5.015516873060185,17.645285408417987
BD3054,Madaripur,Dhaka,1135.27359498901,1127908,540008,587900,42.31,49.54,36.16,71.7,83.0,62.08,12.397325581395352,74.93,76.87,73.21,29.04,53.42,7.21,26.09,30.04,22.72,37.85,47.67,29.49,99.32,0.23,34.900001525878906,17.399999618530273,50.24022674560547,106,0.09336956348484977,0,1417.0,91.0,6314.0,1261.0,797.0,1826.0,896.0,0.13735603170461116,0.46852776750712766,1.5651252969835443,8.297718693668957,30.980830200142513
BD4055,Magura,Khulna,1048.76443543379,983429,470740,512689,29.86,40.47,19.92,65.81,83.19,49.52,13.134418604651161,72.21,74.37,70.14,32.16,58.22,7.04,26.62,32.66,20.96,40.95,55.44,27.37,99.31,0.46,45.400001525878906,25.899999618530273,62.018123626708984,88,0.08390826102298314,0,1525.0,33.0,4607.0,1438.0,893.0,2053.0,862.0,0.1358094270356404,0.49243137140835774,1.6058477206699733,7.707472095169072,27.70582841229928
BD3056,Manikganj,Dhaka,1374.27672348901,1463813,687335,776478,38.52,47.01,30.92,69.33,84.38,55.89,12.059222222222225,71.17,74.37,68.22,32.79,58.04,9.46,28.06,32.86,23.76,33.27,44.74,23.01,98.64,0.45,18.5,8.0,21.375043869018555,227,0.16517779579624475,0,1076.0,38.0,6124.0,912.0,571.0,1262.0,843.0,0.1989663749867336,0.7871251765400943,3.054191326253867,18.019348749406273,66.05369275612104
BD6058,Maulvibazar,Sylhet,2678.8099118085,2217984,1064390,1153594,36.4,45.69,28.28,62.52,78.69,48.39,10.033666666666667,75.85,77.68,74.19,31.96,53.71,12.05,23.07,27.73,19.0,30.91,43.03,20.31,96.37,2.05,25.700000762939453,21.100000381469727,32.19083786010742,207,0.07727312008497518,90,1668.0,15.0,11400.0,1355.0,829.0,2090.0,1295.0,0.14740122414744578,0.5312287797585036,1.7513414924600468,8.07915929330715,26.91900350115907
BD4057,Meherpur,Khulna,722.5246760251159,696968,334277,362691,35.38,44.91,26.84,63.76,81.93,47.48,15.333953488372094,68.14,68.92,67.43,34.27,63.57,7.22,23.35,29.52,17.83,37.47,49.23,26.94,99.38,0.5,15.199999809265137,5.099999904632568,14.278120994567871,64,0.08857828960539926,0,1511.0,37.0,4598.0,1401.0,855.0,2060.0,870.0,0.12755802352575998,0.4540069471904402,1.5035512138158766,7.085123941015673,22.985120169724233
BD3059,Munshiganj,Dhaka,932.6788170158779,1560983,760304,800679,48.72,54.39,43.65,74.9,84.28,66.48,12.29611111111111,77.9,79.08,76.8,32.12,56.32,9.53,28.87,31.03,26.93,32.62,40.58,25.48,99.39,0.19,28.700000762939453,15.600000381469727,32.13901901245117,211,0.22623007636765907,0,768.0,15.0,3924.0,703.0,409.0,1035.0,467.0,0.36022948940407423,1.3232074781894285,4.48356475436733,24.602609527440087,117.40343235764728
BD4561,Mymensingh,Mymensingh,4348.48009256211,5628978,2715383,2913595,28.03,38.7,18.12,65.15,81.71,49.77,11.340813953488375,70.89,72.31,69.54,31.5,54.62,9.33,17.4,22.52,12.64,34.9,47.97,22.76,98.9,0.66,50.5,32.30000305175781,66.11100006103516,494,0.11360291170355498,0,1219.0,39.0,4733.0,1147.0,696.0,1650.0,682.0,0.21961838398701553,0.7917980589027733,2.6715026935860022,11.96514963184839,40.018000842300566
BD5064,Naogaon,Rajshahi,3443.9030777318,2711029,1314640,1396389,23.01,32.92,13.65,65.06,85.33,45.89,14.220232558139537,72.24,74.78,69.78,33.01,58.53,8.28,24.93,31.45,18.77,40.81,58.17,24.39,99.08,0.73,16.899999618530273,7.0,16.890701293945312,118,0.0342634497361396,0,2352.0,9.0,8983.0,2163.0,1276.0,3216.0,1388.0,0.09885191748751058,0.32139354540195575,1.0112364511005634,4.2942850118435825,13.45690206800633
BD4065,Narail,Khulna,995.743563499891,710145,335747,374398,32.39,41.91,23.82,67.69,81.4,55.35,12.784534883720928,74.66,76.19,73.22,31.0,56.73,6.88,25.3,29.91,21.15,40.06,51.16,30.08,99.03,0.7,20.0,7.699999809265137,20.8676815032959,74,0.07431632270853046,0,1679.0,56.0,5040.0,1585.0,1002.0,2241.0,890.0,0.0676863131135188,0.30700950533434745,1.1120508778810618,6.124835148737261,24.89270906243741
BD3067,Narayanganj,Dhaka,703.5466905551899,3968554,2029697,1938857,46.46,56.25,36.09,75.94,86.6,64.62,11.176395348837211,79.24,80.97,77.38,43.43,66.01,19.3,23.44,28.61,17.96,36.92,48.67,24.46,99.62,0.09,26.100000381469727,10.40000057220459,35.67218780517578,530,0.7533259798035025,0,418.0,17.0,2419.0,334.0,189.0,575.0,307.0,1.7377288493960368,6.4029010703871805,23.98323981458107,118.4015979814865,434.16982646659835
BD3068,Narsingdi,Dhaka,1167.78917788171,2525087,1220097,1304990,43.31,52.93,34.5,67.92,81.23,55.72,12.190697674418606,74.81,76.11,73.59,32.57,56.43,9.85,23.65,28.67,19.05,31.4,41.6,22.06,99.6,0.21,23.700000762939453,12.100000381469727,23.20562744140625,219,0.18753384955771818,0,907.0,18.0,3355.0,825.0,494.0,1215.0,540.0,0.32323378803336683,1.1226603311318581,3.9427641954587305,18.96240296552476,68.95373359260097
BD5069,Natore,Rajshahi,1904.36496546015,1840322,894165,946157,25.05,35.39,15.24,65.22,85.4,46.07,14.23104651162791,71.51,73.45,69.62,33.57,59.85,7.99,25.69,32.36,19.36,39.45,56.59,23.18,99.06,0.75,35.10000228881836,21.299999237060547,39.24735641479492,112,0.05881225607032607,0,1811.0,18.0,7357.0,1581.0,942.0,2448.0,1175.0,0.11358183339501927,0.394916375671502,1.3058940174321676,6.296838759484641,21.50314343214877
BD5070,Nawabganj,Rajshahi,1685.47387945634,1836973,880519,956454,24.36,34.03,15.71,66.05,83.79,50.19,15.062325581395342,72.0,70.85,73.05,32.38,58.02,8.68,22.76,28.42,17.71,35.13,49.26,22.49,97.08,1.96,25.299999237060547,12.100000381469727,30.124691009521484,76,0.04509117639041328,0,2173.0,8.0,10413.0,1746.0,879.0,3011.0,1680.0,0.12949862554232677,0.4517049616965656,1.4375754695447172,6.1570906585783485,17.804949388209906
BD4572,Netrakona,Mymensingh,2804.36510087641,2405452,1162804,1242648,20.74,30.4,11.91,63.52,80.92,47.62,10.956511627906977,66.25,67.41,65.15,29.65,52.81,7.58,16.76,21.3,12.62,34.61,47.73,22.63,98.63,0.78,35.29999923706055,19.5,49.28147888183594,190,0.06775152063496365,0,1649.0,41.0,6501.0,1513.0,962.0,2177.0,944.0,0.11011515239538833,0.38895754068166133,1.3086589371291193,6.359254581249815,22.950140951745407
BD5573,Nilphamari,Rangpur,1587.90039930656,2076058,1018823,1057235,21.44,31.58,11.73,63.45,82.21,45.49,11.65511627906977,69.23,72.2,66.32,32.67,56.05,9.65,25.96,31.12,21.02,43.37,60.4,27.07,98.6,1.04,34.79999923706055,18.799999237060547,47.50909423828125,128,0.08060958990620438,0,1616.0,56.0,7254.0,1378.0,816.0,2095.0,1129.0,0.15810487948892954,0.5157025666450893,1.6908413805735107,7.782216170287544,25.768723775122336
BD2075,Noakhali,Chittagong,2678.48487027874,3665008,1702993,1962015,43.01,50.52,36.63,70.7,81.61,61.43,12.910777777777783,75.52,75.64,75.41,26.87,49.15,6.85,23.47,27.62,19.95,34.44,44.44,25.96,86.26,1.48,9.600000381469727,3.4000000953674316,7.979046821594238,644,0.2404344363285432,0,933.0,40.0,13954.0,709.0,456.0,1033.0,1074.0,0.3436933876533263,1.339280030624115,4.870663573598669,27.26282811933909,101.46153629384217
BD5076,Pabna,Rajshahi,2389.393133051,2832687,1380142,1452545,30.22,41.23,19.6,66.41,84.99,48.48,13.208372093023252,70.49,71.26,69.73,33.43,59.1,8.04,28.04,34.73,21.59,40.04,56.02,24.62,99.31,0.41,31.5,16.69999885559082,38.977081298828125,189,0.07909958281275681,0,1459.0,17.0,5869.0,1325.0,735.0,1971.0,911.0,0.16086374489539773,0.5966251757596649,1.9256131324170391,8.370612952954259,26.896955856262345
BD5577,Panchagarh,Rangpur,1363.12054817192,1127967,553161,574806,18.45,28.06,9.16,61.55,84.41,39.44,12.026860465116279,73.66,76.66,70.69,34.34,58.13,10.75,27.5,33.98,21.23,37.87,56.73,19.63,98.65,1.03,26.69999885559082,12.300000190734863,36.14124298095703,44,0.03227887662540805,11,2654.0,65.0,7981.0,2484.0,1393.0,3694.0,1585.0,0.07828667438558831,0.2769041977145755,0.819717196678076,3.2353294396914194,10.180286522089585
BD1078,Patuakhali,Barisal,2617.4078170285,1548309,736425,811884,25.68,35.27,16.91,70.93,83.96,59.03,12.40023255813953,76.7,78.64,74.87,30.41,54.05,8.06,24.8,31.95,18.27,40.09,53.56,27.78,96.61,0.65,25.799999237060547,14.699999809265137,31.121524810791016,130,0.049667460742738534,0,2221.0,56.0,22927.0,1757.0,1044.0,2652.0,2073.0,0.10689813847564615,0.35507919197017274,1.1629476173035287,5.4331927674500475,18.124774723307553
BD1079,Pirojpur,Barisal,1269.84638776557,1059726,505212,554514,29.96,38.53,22.18,72.69,83.53,62.87,11.421976744186047,85.53,86.01,85.09,29.87,53.21,7.93,24.71,30.95,19.05,44.19,56.04,33.44,98.67,0.81,44.10000228881836,30.89999771118164,57.05800247192383,104,0.08189966991440523,0,1496.0,78.0,5584.0,1400.0,845.0,2022.0,896.0,0.14468543602674258,0.5004869205909538,1.5504903259896514,7.270632165377711,25.597406602576548
BD3082,Rajbari,Dhaka,1139.2363414506,1113458,535208,578250,30.39,40.18,21.37,64.85,82.58,48.51,12.934534883720929,69.49,70.79,68.27,32.14,58.09,7.51,25.97,31.21,21.15,37.62,51.77,24.58,98.97,0.61,41.900001525878906,25.700000762939453,55.79204177856445,78,0.06846691697061023,0,1558.0,29.0,5796.0,1443.0,892.0,2129.0,869.0,0.10189227085388088,0.3744830058740875,1.2792066389578611,6.488106917217277,23.65871097419612
BD5081,Rajshahi,Rajshahi,2438.42758696696,2837737,1392086,1445651,29.73,40.51,19.16,67.73,86.68,49.16,13.970232558139537,75.17,77.54,72.81,34.38,60.14,8.66,28.13,35.06,21.33,41.47,58.06,25.22,98.26,0.7,31.400001525878906,16.5,36.571746826171875,171,0.07012715936859068,0,1662.0,22.0,7076.0,1456.0,695.0,2387.0,1170.0,0.24389311333355412,0.8623058627870719,2.7418795626999435,10.972340308798943,28.787474586372337
BD2084,Rangamati,Chittagong,5762.959416636691,682248,351407,330841,32.12,41.19,22.49,72.41,84.29,59.78,10.276666666666664,71.41,77.79,64.64,36.9,59.79,12.6,20.08,25.35,14.47,38.0,49.2,26.1,47.54,7.73,20.299999237060547,6.800000190734863,30.932741165161133,106,0.01839332751398455,2,4064.0,32.0,41584.0,2443.0,1160.0,4849.0,5036.0,0.1606960855896499,0.4912043047140825,1.496041890577721,5.213175042441275,16.6838274780886
BD5585,Rangpur,Rangpur,2343.98475499476,3147367,1532785,1614582,23.32,32.59,14.54,65.13,83.29,47.93,11.834767441860464,70.73,73.49,68.04,31.36,55.54,7.81,23.57,29.63,17.82,42.28,58.24,27.16,98.69,0.96,46.20000076293945,30.100000381469727,63.931663513183594,256,0.10921572738666224,0,1299.0,12.0,4830.0,1224.0,685.0,1802.0,784.0,0.2575707025532629,0.9703475186751146,3.395027649185138,14.335908183240964,42.01242557763283
BD4087,Satkhira,Khulna,3390.40283030799,2023845,972334,1051511,28.55,40.01,17.47,68.08,85.18,51.54,12.044883720930232,75.32,78.68,72.03,35.72,62.84,8.97,26.98,34.78,19.43,44.42,60.22,29.14,98.6,0.57,46.29999923706055,29.69999885559082,59.957950592041016,124,0.03657382506040901,0,3154.0,76.0,64325.0,1692.0,975.0,2681.0,6966.0,0.10777923827508627,0.3626385959095267,1.1977663836507728,5.413670268958166,17.30530086769682
BD3086,Shariatpur,Dhaka,1186.19608677036,1188172,557145,631027,40.02,48.62,32.47,71.62,83.86,60.86,10.778888888888893,72.9,74.2,71.73,29.64,54.2,7.24,24.14,28.21,20.57,37.1,46.99,28.4,98.46,0.38,52.60000228881836,34.400001525878906,70.43046569824219,101,0.08514612476508107,0,1431.0,14.0,5290.0,1292.0,815.0,1877.0,837.0,0.10904886141778597,0.39614448217627923,1.4321173225095305,7.698336457034006,28.969242407316408
BD4589,Sherpur,Mymensingh,1326.03653185398,1379426,665766,713660,21.19,31.18,12.11,60.01,79.84,42.01,11.108604651162791,63.7,65.78,61.75,31.26,54.9,8.95,16.67,22.36,11.49,37.04,52.57,22.93,98.9,0.84,48.400001525878906,29.80000114440918,64.40718841552734,124,0.0935117525205969,0,1345.0,38.0,5035.0,1267.0,792.0,1794.0,730.0,0.14533123588247035,0.5539560598437091,1.9054849843815982,9.204306754855718,32.445391039263356
BD5088,Sirajganj,Rajshahi,2494.30191903273,3442663,1679148,1763515,25.52,36.67,14.95,63.63,83.39,44.91,11.899069767441858,69.48,72.02,67.0,32.51,57.3,8.24,21.15,27.12,15.49,36.74,52.45,21.85,96.62,0.52,38.70000076293945,22.700000762939453,48.99422836303711,150,0.06013706634927691,0,1868.0,21.0,8448.0,1488.0,847.0,2391.0,1465.0,0.14943971986624316,0.48718547176720717,1.6115181627547122,7.06079062997915,23.5634124272839
BD6090,Sunamganj,Sylhet,3693.58371991987,2945083,1437614,1507469,26.94,37.21,17.49,57.03,77.6,38.08,11.126999999999994,64.92,66.14,63.76,28.82,50.44,8.13,12.58,16.59,8.87,26.43,38.66,15.16,97.05,1.29,26.0,20.600000381469727,34.97344207763672,201,0.054418693399580116,0,1845.0,10.0,8014.0,1659.0,1022.0,2402.0,1175.0,0.08516277063822413,0.3189951772394332,1.0830049182778592,5.208127026284393,18.42411326837808
BD6091,Sylhet,Sylhet,3417.92465829714,4609848,2278722,2331126,42.02,53.34,31.5,65.37,81.1,50.75,11.384888888888884,76.43,78.49,74.45,28.53,48.73,9.14,18.61,24.35,13.27,31.88,44.94,19.73,98.74,0.73,24.100000381469727,19.5,29.968027114868164,441,0.1290256644275221,19,1251.0,23.0,6744.0,1068.0,536.0,1692.0,944.0,0.5663453121349838,2.0917993196112503,7.16845867776587,26.22495496514501,63.562067869959314
BD3093,Tangail,Dhaka,3366.37405655939,3804363,1792283,2012080,36.66,46.16,28.26,69.08,84.11,55.79,11.514534883720932,69.75,72.66,67.08,30.42,54.05,8.67,27.65,32.52,23.34,35.53,47.72,24.75,98.26,0.61,29.69999885559082,18.0,33.171852111816406,432,0.12832798516797225,0,1155.0,22.0,7571.0,1066.0,671.0,1501.0,718.0,0.20316414432449056,0.7722607932566885,2.610847172485735,12.966510302899962,45.97556907376353
BD5594,Thakurgaon,Rangpur,1814.20604111119,1532697,753507,779190,20.72,30.76,10.91,62.73,85.61,40.39,12.995116279069766,74.38,78.36,70.42,32.68,57.35,8.04,26.1,32.51,19.83,40.9,60.89,21.37,98.77,0.97,27.000001907348633,13.799999237060547,32.67127990722656,77,0.042442808730169354,1,2503.0,8.0,10797.0,2091.0,1131.0,3410.0,1831.0,0.09501735635196343,0.33106622722603424,1.0312869519944683,4.4010586277283155,14.548659555849158
